{"cameraMode":{"drawMode":0,"name":"Shaded","section":"Shading Mode"},"sceneLighting":true,"audioPlay":false,"sceneViewState":{"showFog":true,"showMaterialUpdate":true,"showSkybox":true,"showFlares":true,"showImageEffects":true,"showParticleSystems":true},"in2DMode":false,"pivot":{"x":1631.28173828125,"y":1212.576904296875,"z":-299.50439453125},"rotation":{"x":0.3615105152130127,"y":0.006992682348936796,"z":-0.0027113028336316349,"w":0.9323385953903198},"size":465.9336853027344,"orthographic":false}