{"cameraMode":{"drawMode":0,"name":"Shaded","section":"Shading Mode"},"sceneLighting":true,"audioPlay":false,"sceneViewState":{"showFog":true,"showMaterialUpdate":true,"showSkybox":true,"showFlares":true,"showImageEffects":true,"showParticleSystems":true},"in2DMode":false,"pivot":{"x":-1697.111083984375,"y":3941.802978515625,"z":-1854.4100341796875},"rotation":{"x":0.42503949999809267,"y":0.052897859364748,"z":-0.024891210719943048,"w":0.903285026550293},"size":11.07125473022461,"orthographic":false}