{"cameraMode":{"drawMode":0,"name":"Shaded","section":"Shading Mode"},"sceneLighting":true,"audioPlay":false,"sceneViewState":{"showFog":true,"showMaterialUpdate":true,"showSkybox":true,"showFlares":true,"showImageEffects":true,"showParticleSystems":true},"in2DMode":false,"pivot":{"x":-940.4532470703125,"y":1070.7373046875,"z":-2918.974609375},"rotation":{"x":0.218682661652565,"y":0.05411980301141739,"z":-0.012148180045187474,"w":0.9742186069488525},"size":12.381112098693848,"orthographic":false}